,ArtistName,YearBorn,YearDied,Age,Born,Died,ArtistOccupation,ArtistWikiLink,Nationality,Education,Known for,Spouse(s),Notable work,Awards,Movement,Native name,Resting place,Pen name,Occupation,Language,Period,Literary movement,Notable works,Notable awards,Spouse,Children,Relatives,Signature,Other names,Alma mater,Website,Parent(s),Style,Honours,Partner(s),Years active,Constituency,Political party,Citizenship,Organization,Patron(s),Genre,Age_Cleaned,Is_Dead,Is_Indian,Award_Group,Occupation_Grouped
0,Amrita Sher-Gil,1913,1941,28,"(1913-01-30)30 January 1913Budapest, Kingdom of Hungary","5 December 1941(1941-12-05) (aged 28)Lahore, Punjab, British India",,https://en.wikipedia.org/wiki/Amrita_Sher-Gil,Hungarian  British Indian,Grande ChaumiereÉcole des Beaux-Arts (1930–34),Painting,Viktor Egan,,,,,,,,,,,,,,,,,,,,,,,,,,,,,,,28,Dead,Other/Mixed,Other,Painting
1,Jamini Roy,1887,1972,85,"(1887-04-14)14 April 1887Beliatore, Bankura district, Bengal Presidency, British Raj]",24 April 1972(1972-04-24) (aged 85),,https://en.wikipedia.org/wiki/Jamini_Roy,Indian,,Painting,,painter,Padma Bhushan (1955),,,,,,,,,,,,,,,,,,,,,,,,,,,,,85,Dead,India,Padma Recipient,Painting
2,Kalipada Ghoshal,1906,1995,89,"(1906-09-00)September 1906Howrah, Bengal Presidency, British India (present-day West Bengal, India)","29 April 1995(1995-04-29) (aged 88)Howrah, West Bengal, India",,https://en.wikipedia.org/wiki/Kalipada_Ghoshal,Indian,,Painting,,,,Modern Indian Art,,,,,,,,,,,,,,,,,,,,,,,,,,,,89,Dead,India,Other,Painting
3,Maniam,1924,1968,44,,,,https://en.wikipedia.org/wiki/Maniam,,,,,,,,,,,,,,,,,,,,,,,,,,,,,,,,,,,44,Dead,Other/Mixed,Other,0
4,Manishi Dey,1909,1966,57,"Bijoy Chandra Dey(1909-09-22)22 September 1909Dhaka, British India","(1966-01-31)31 January 1966Kolkata, India",,https://en.wikipedia.org/wiki/Manishi_Dey,Indian,,"Painting, Drawing",,,,,,,,,,,,,,,,,,,,,,,,,,,,,,,,57,Dead,India,Other,"Painting, Drawing"
5,Mukul Chandra Dey,1895,1989,94,"Mukul Chandra Dey(1895-07-23)23 July 1895Sridharkhola, Bengal Presidency, British India","1 March 1989(1989-03-01) (aged 93)Santiniketan, West Bengal, India",,https://en.wikipedia.org/wiki/Mukul_Chandra_Dey,Indian,,Etching,"Bina, née Roy",,,,,,,,,,,,,,,,,,,,,,,,,,,,,,,94,Dead,India,Other,Etching
6,Nandalal Bose,1882,1966,84,"(1882-12-03)3 December 1882Haveli Kharagpur, Bengal Presidency, British India(now in Bihar, India)[1]","16 April 1966(1966-04-16) (aged 83)Calcutta, West Bengal, India",,https://en.wikipedia.org/wiki/Nandalal_Bose,Indian,"Calcutta University , Government College of Art and Craft",Painting,,,Padma Vibhushan (1954),Contextual Modernism,,,,,,,,,,,,,,,,,,,,,,,,,,,,84,Dead,India,Padma Recipient,Painting
7,Rabindranath Tagore,1861,1941,80,"Rabindranath Thakur(1861-05-07)7 May 1861, 25th of Baishakh, 1268 (Bengali calendar)Calcutta, Bengal Presidency, British India (now Kolkata, West Bengal, India)","7 August 1941(1941-08-07) (aged 80)Calcutta, Bengal Presidency, British India (now Kolkata, West Bengal, India)",,https://en.wikipedia.org/wiki/Rabindranath_Tagore,,,,,,,,রবীন্দ্রনাথ ঠাকুর,Ashes scattered in the Ganges,Bhanusingha (ভানুসিংহ),Poetnovelistdramatistessayiststory-writercomposerpainterphilosophersocial reformereducationistlinguistgrammarian,Bengali,Bengali Renaissance,Contextual Modernism,GitanjaliGhare-BaireGoraJana Gana ManaRabindra SangeetAmar Shonar Bangla(other works),Nobel Prize in Literature  1913                  ,"Mrinalini Devi
​ ​(m. 1883; wid. 1902)​","5, including Rathindranath Tagore",Tagore family,,,,,,,,,,,,,,,,80,Dead,Other/Mixed,Other,Poetnovelistdramatistessayiststory-writercomposerpainterphilosophersocial reformereducationistlinguistgrammarian
8,Raja Ravi Varma,1848,1906,58,"(1848-04-29)29 April 1848[1][2]Kilimanoor, Travancore","2 October 1906(1906-10-02) (aged 58)Attingal, Travancore",,https://en.wikipedia.org/wiki/Raja_Ravi_Varma,,,,Bharani Thirunal Rani Laksmibai,ShakuntalaNair Lady Adorning Her HairThere Comes PapaGalaxy of Musicians,Kaisar-i-Hind Gold Medal,,,,,"painter, artist",,,,,,,,,,"Koili Thampuran of Kilimanoor, Ravi Varma Koil Thampuran",University College Thiruvananthapuram,,,,,,,,,,,,,58,Dead,Other/Mixed,Other,"painter, artist"
9,S. G. Thakur Singh,1899,1976,77,1899 (1899),1976 (1977) (aged 77),,https://en.wikipedia.org/wiki/S._G._Thakur_Singh,,,,,,,,,,,Indian artist,,,,,,,,,,,,,,,,,,,,,,,,77,Dead,Other/Mixed,Other,Indian artist
10,Silpi,1919,1983,64,,,,https://en.wikipedia.org/wiki/Silpi,,,,,,,,,,,,,,,,,,,,,,,,,,,,,,,,,,,64,Dead,Other/Mixed,Other,0
11,Benode Behari Mukherjee,1904,1980,76,"7 February 1904West Bengal, India",11 November 1980 (aged 76)India,,https://en.wikipedia.org/wiki/Benode_Behari_Mukherjee,Indian,,painter,,,,Contextual Modernism,,,,,,,,,,,,,,,,,,,,,,,,,,,,76,Dead,India,Other,painter
12,Gaganendranath Tagore,1867,1938,71,"17 September 1867Calcutta, Bengal Presidency, British India",14-Feb-38,,https://en.wikipedia.org/wiki/Gaganendranath_Tagore,Indian,,"Painter, cartoonist",,,,Bengal School of Art,,,,,,,,,,,,,,,,,,,,,,,,,,,,71,Dead,India,Other,"Painter, cartoonist"
13,Sunil Das,1939,2015,76,"(1939-08-04)4 August 1939Calcutta, India",10 August 2015(2015-08-10) (aged 76),,https://en.wikipedia.org/wiki/Sunil_Das,Indian,"Government College of Art & Craft, KolkataÉcole des Beaux-Arts, Paris","Painting, Drawing",,,"Padma Shri National Award, 1978 ",Expressionism,,,,,,,,,,,,,,,,,,,,,,,,,,,,76,Dead,India,Padma Recipient,"Painting, Drawing"
14,Anish Kapoor,1954,,0," (1954-03-12) 12 March 1954 (age 67)[1]Bombay, Bombay State, India",,,https://en.wikipedia.org/wiki/Anish_Kapoor,"British, Indian",The Doon SchoolHornsey College of ArtChelsea School of Art and Design,Sculpture,Susanne Spicale (1995–2013)Sophie Walker (2016 or 2017 – present),,Turner Prize 1991Praemium Imperiale 2011 Genesis Prize 2017,,,,,,,,,,,,,,,,,anishkapoor.com,,,,,,,,,,,,67,Alive,Other/Mixed,Other,Sculpture
15,Abdul Kadar Khatri,1961,2019,58,"(1961-04-01)April 1, 1961[citation needed]Bagh, Madhya Pradesh, India","May 12, 2019(2019-05-12) (aged 58)[citation needed]Bagh",Indian Master Craftsman,https://en.wikipedia.org/wiki/Abdul_Kadar_Khatri,India,,Bagh print[1],Rashida Bee (Twice State Award Winner),,"
Seal of Excellence for Handicrafts by UNESCO
National Handicrafts Award
State Award
Surajkund Kala Nidhi Award[4]
",,,"Bagh, Madhya Pradesh, India",,,,,,,,,Mohammed AarifMohammed (International FDC Award Winner)[2][3]Hamid ZilaniMohammed Ali,,,"Abdul Kadir, Qadir",,,Ismail Sulemanji Khatri,,,,,,,,,,,58,Dead,Other/Mixed,Other,Bagh print[1]
16,Aditya Pande,1976,,0,"Lucknow, India",," painter, sculptor, digital artist",https://en.wikipedia.org/wiki/Aditya_Pande,Indian,"National Institute of Design, Ahmedabad",,,,,,,,,,,,,,,,,,,,,,,,,,,,,,,,,45,Alive,India,Other," painter, sculptor, digital artist"
17,Aman Singh Gulati,2000,,0," (2000-10-11) 11 October 2000 (age 21)Lakhimpur Kheri, Uttar Pradesh, India",,World's First Almond Artist,https://en.wikipedia.org/wiki/Aman_Singh_Gulati,Indian,Schooling - St. Don Bosco College (Lakhimpur kheri)  Graduation - Delhi University (New Delhi),"Miniature Painting , Painting , Drawing.",,"Almond Portrait Series - Soul of Sikhism Volume 1 & 9 , Pulwama , Mahatma Gandhi Largest Drawing , World's Largest Rakhi & Biggest Puzzle Portrait.",Sikh Award's People's Choice Award for Contribution To Art (2018) Guinness World Record for Largest Hand Drawning  (2019) Listed In Top 100 Sikhs Under 30 Around World (2020),,,,,,,,,,,,,,,,,http://www.amansinghgulati.com/,,,,,,,,,,,,21,Alive,India,Other,"Miniature Painting , Painting , Drawing."
18,Anil Kumar Dutta,1933,2006,73,,,,https://en.wikipedia.org/wiki/Anil_Kumar_Dutta,,,,,,,,,,,,,,,,,,,,,,,,,,,,,,,,,,,73,Dead,Other/Mixed,Other,0
19,Anjolie Ela Menon,1940,,0,"17th July, 1940Burnpur, West Bengal, India",, painter,https://en.wikipedia.org/wiki/Anjolie_Ela_Menon,,"Miranda College University of Delhi, École des Beaux-Arts, The Lawrence School, Sir J.J. Institute of Applied Art",,,"Yatra, Looking Out of a Window, Acolyte, Portrait of a Young Actor, The Magician Story","Padma Shri, Kalidas Samman for Visual Arts",,,,,Contemporary painter and muralist,,,,,,,,,,,,,,,,,,,,,,,,81,Alive,Other/Mixed,Padma Recipient, painter
20,Atul Dodiya,1959,,0,"Mumbai, Maharashtra, India",, painter,https://en.wikipedia.org/wiki/Atul_Dodiya,Indian,Bachelor of Fine Arts,,Anju Dodiya,,Government of Maharashtra Gold Medal,,,,,Artist,,,,,,,,,,,Sir J. J. School of ArtÉcole des Beaux-Arts,,,,,,,,,,,,,62,Alive,India,Other, painter
21,B. Prabha,1933,2001,68,"1933 (1933)Maharashtra, India","2001 (aged 67–68)Nagpur, India", painter,https://en.wikipedia.org/wiki/B._Prabha,Indian,Sir J. J. College of Art,Painting,B. Vithal ​(m. 1956⁠–⁠1992)​,,,,,,,,,,,,,,,,,,,,,,,,,,,,,,,68,Dead,India,Other,Painting
22,Badri Narayan,1929,2013,84,"1929Secunderabad, Andhra Pradesh","2013Bangalore, Karnataka", painter,https://en.wikipedia.org/wiki/Badri_Narayan,Indian,,,,,,,,,,,,,,,,,,,,,,,,,,,,,,,,,,84,Dead,India,Other, painter
23,Baiju Parthan,1956,,0,,, painter,https://en.wikipedia.org/wiki/Baiju_Parthan,,,,,,,,,,,,,,,,,,,,,,,,,,,,,,,,,,,65,Alive,Other/Mixed,Other, painter
24,Balan Nambiar,1937,,0," (1937-11-12) 12 November 1937 (age 83)Kannapuram, Madras Presidency, British India",," sculptor, painter and research scholar",https://en.wikipedia.org/wiki/Balan_Nambiar,Indian,,"Paintings, sculptures, researches on ritual art",,"Valampiri Shanka, The Sky is the Limit","India National award for sculpture, Nehru fellowship for research",,,,,,,,,,,,,,,,,,,,,,,,,,,,,84,Alive,India,Other,"Paintings, sculptures, researches on ritual art"
25,Bapu (director),1933,2014,81,"Sattiraju Lakshminarayana(1933-12-15)15 December 1933Narasapuram, Madras Presidency, British India(now in Andhra Pradesh, India)","31 August 2014(2014-08-31) (aged 80)Chennai, Tamil Nadu, India", painter,https://en.wikipedia.org/wiki/Bapu_(director),,,,Bhagyavathi,,Padma Shri (2013),,,,,,,,,,,,,,,,University of Madras,bapuartcollection.com,,,,,,,,,,,,81,Dead,Other/Mixed,Padma Recipient, painter
26,Bharti Kher,1969,,0,"1969 (age 51–52)London, England",," painter, sculptor and installation artist",https://en.wikipedia.org/wiki/Bharti_Kher,,Newcastle Polytechnic,,Subodh Gupta,,,,,,,,,,,,,,,,,,,bhartikher.com,,,,,,,,,,,,52,Alive,Other/Mixed,Other," painter, sculptor and installation artist"
27,Bhavna Mehta,1968,,0,,, paper-cut artist,https://en.wikipedia.org/wiki/Bhavna_Mehta,,,,,,,,,,,,,,,,,,,,,,,,,,,,,,,,,,,53,Alive,Other/Mixed,Other, paper-cut artist
28,Bholekar Srihari,1941,2018,77,"Srihari Bollakpalli1 January 1941Bollakpalli, Banswada, Telangana, India","23 August 2018Hyderabad, India"," painter, sculptor and printmaker",https://en.wikipedia.org/wiki/Bholekar_Srihari,Indian,"1961 Diploma in Drawing and Painting from Sir J.J School of Arts, Bombay
              1969 B.A from Osmania University","Painting, sculpture, print-making, murals",Laxmi Bholekar,,National Award (Lalit Kala Akademi Award),1969,,,,,,,,,,,,,,,,,,,,,,,,,,,,77,Dead,India,Other,"Painting, sculpture, print-making, murals"
29,Bhupen Khakkar,1934,2003,69,"Bhupen Khakhar(1934-03-10)10 March 1934Bombay, India",8 August 2003(2003-08-08) (aged 69)Baroda, painter,https://en.wikipedia.org/wiki/Bhupen_Khakkar,,,,,,,,,,,,,,,,,,,,,,,,,,,,,,,,,,,69,Dead,Other/Mixed,Other, painter
30,Bhuri Bai,1968,,0,"Pitol, Jhabua, Madhya Pradesh",, Bhil artist,https://en.wikipedia.org/wiki/Bhuri_Bai,Indian,,,,,,,,,,,,,,,,,,,,,,,,Bhil art,"Shikhar Samman, Madhya Pradesh",,,,,,,,,53,Alive,India,Other, Bhil artist
31,Bijan Choudhury,1931,2012,81,,, painter,https://en.wikipedia.org/wiki/Bijan_Choudhury,,,,,,,,,,,,,,,,,,,,,,,,,,,,,,,,,,,81,Dead,Other/Mixed,Other, painter
32,Bikash Bhattacharjee,1940,2006,66,(1940-06-21)21 June 1940Kolkata,18 December 2006(2006-12-18) (aged 66)Kolkata,,https://en.wikipedia.org/wiki/Bikash_Bhattacharjee,Indian,Indian College of Art and Draftsmanship,Painting,,Fantasy Show Doll SeriesCupboardThe VisitorThe Trap,"Padma Shri (1988)  National Award, (1971)","Realism, surrealism",,,,,,,,,,,,,,,,,,,,,,,,,,,,66,Dead,India,Padma Recipient,Painting
33,Daku (artist),,,0,,,,https://en.wikipedia.org/wiki/Daku_(artist),,,GraffitiStreet artSocial commentary,,,,,,,,,,,,,,,,,,,,www.daku156.com,,,,,,,,,,,,,Alive,Other/Mixed,Other,GraffitiStreet artSocial commentary
34,Devajyoti Ray,1974,,0,India,,,https://en.wikipedia.org/wiki/Devajyoti_Ray,,,"Visual Art, Installation,",,,,Pseudorealism,,,,,,,,,,,,,,,,,,,,,,,,,,,,47,Alive,Other/Mixed,Other,"Visual Art, Installation,"
35,Edmund Thomas Clint,1976,1983,7,"(1976-05-19)19 May 1976Kochi, Kerala, India",(1983-04-15)15 April 1983 (aged 6),"child prodigy who painted over 25,000 paintings during his life of 6 years 11 months",https://en.wikipedia.org/wiki/Edmund_Thomas_Clint,Indian,,"Painting, drawing",,,,,,,,,,,,,,,,,,Clint,,,,,,,,,,,,,,7,Dead,India,Other,"Painting, drawing"
36,Dhiraj Choudhury,1936,2018,82,"Dhiraj ChowdhurySeptember 1936Brahmanbaria District, British India(now Bangladesh)","1 June 2018(2018-06-01) (aged 81)Kolkata, West Bengal, India",,https://en.wikipedia.org/wiki/Dhiraj_Choudhury,Indian,,Paintingdrawing,Leena Chowdhury,,,,,,,,,,,,,,,,,,,,,,,,,,,,,,,82,Dead,India,Other,Paintingdrawing
37,Dhruvi Acharya,1971,,0,1971 (age 49–50)India,, visual artist,https://en.wikipedia.org/wiki/Dhruvi_Acharya,,,Painting,Manish Acharya,,,,,,,,,,,,,,2,,,,"Sophia College for Women, Maryland Institute College of Art",,,,,,,,,,,,,50,Alive,Other/Mixed,Other,Painting
38,Francis Newton Souza,1924,2002,78,"Francisco Victor Newton de Souza(1924-04-12)12 April 1924Goa, Portuguese India","28 March 2002(2002-03-28) (aged 77)Mumbai, India",,https://en.wikipedia.org/wiki/Francis_Newton_Souza,"Portuguese, then British",,"Painting, Drawing","

Maria Figueiredo
​ ​(m. 1946; div. 1964)​

Barbara Zinkant
​ ​(m. 1965; div. 1977)​","""Birth"", ""Words and Lines""",,Expressionism,,,,,,,,,,,"Shelley Souza
Keren Souza-Kohn Francesca Souza-Kohn Anya Souza-Kohn Francis Patrick Souza",,,,,,,,,Liselotte Kohn (1954–1961) Srimati Lal (1993–2002),,,,,,,,78,Dead,Other/Mixed,Other,"Painting, Drawing"
39,Gargi Raina,1961,,0,,, painter,https://en.wikipedia.org/wiki/Gargi_Raina,,,,,,,,,,,,,,,,,,,,,,,,,,,,,,,,,,,60,Alive,Other/Mixed,Other, painter
40,Gieve Patel,1940,,0,,,,https://en.wikipedia.org/wiki/Gieve_Patel,,,,,,,,,,,,,,,,,,,,,,,,,,,,,,,,,,,81,Alive,Other/Mixed,Other,0
41,Gogi Saroj Pal,1945,,0,,,,https://en.wikipedia.org/wiki/Gogi_Saroj_Pal,,,,,,,,,,,,,,,,,,,,,,,,,,,,,,,,,,,76,Alive,Other/Mixed,Other,0
42,Gurpreet Singh Dhuri,1983,,0,"Gurpreet (1983-12-26) 26 December 1983 (age 37)Ghanaur Khurd, Punjab, India",,,https://en.wikipedia.org/wiki/Gurpreet_Singh_Dhuri,Indian,,"Sculp, portraiture and prosthetic designer",,,,,,,,Sculptor at Studio Hash,,,,,,,,,,,"Government College of Arts, Chandigarh (Passed out in 2009)",gurpreetdhuri.com,Labh SinghJoginder Kaur,,,,2003–present,,,,,,,38,Alive,India,Other,"Sculp, portraiture and prosthetic designer"
43,Jayant Parikh,1940,,0," (1940-04-02) 2 April 1940 (age 81)Bandhni, Gujarat, India",,,https://en.wikipedia.org/wiki/Jayant_Parikh,,,"Painting, printmaker, muralist",,,,Baroda Group[1],,,,,,,,,,,,,,,,,,,,,,,,,,,,81,Alive,Other/Mixed,Other,"Painting, printmaker, muralist"
44,Jahar Dasgupta,1942,,0,"Jahar Lal Dasgupta (1942-05-31) 31 May 1942 (age 79)Jamshedpur, British India",, painter,https://en.wikipedia.org/wiki/Jahar_Dasgupta,Indian,"Kala Bhavana, Santiniketan",Painting,,,Paricharan Sarkar Memorial Award,,,,,"Painter, sculptor, social activist, teacher",,,,,,,,,,,,,,,,,1969–present,,,,,,,79,Alive,India,Other,Painting
45,Jogen Chowdhury,1939,,0,"(1939-02-16)16 February 1939Daharpara Village, Faridpur, British India",,,https://en.wikipedia.org/wiki/Jogen_Chowdhury,,,,,,,,,,,painter,,,,,,,,,,,,http://www.jogenchowdhury.net/,,,,,,West Bengal,All India Trinamool Congress,,,,,82,Alive,Other/Mixed,Other,painter
46,John Wilkins (Indian artist),1927,1991,64,,,,https://en.wikipedia.org/wiki/John_Wilkins_(Indian_artist),,,,,,,,,,,,,,,,,,,,,,,,,,,,,,,,,,,64,Dead,Other/Mixed,Other,0
47,K.G. Subramanyan,1924,2016,92,"1924[1]Kuthuparamba, Kerala, India","29 June 2016(2016-06-29) (aged 92)[2]Vadodra, Gujarat, India",,https://en.wikipedia.org/wiki/K.G._Subramanyan,,Visva-Bharati University,,,,"Padma Shree, Kalidas Samman, Padma Bhushan, Padma Vibhushan","Contextual Modernism, Baroda Group[3]",,,,"Painter, sculptor, muralist, printmaker, writer, academic",,,,,,,,,,,Visva-Bharati University,,,,,,,,,,,,,92,Dead,Other/Mixed,Padma Recipient,"Painter, sculptor, muralist, printmaker, writer, academic"
48,Kailash Chandra Meher,1954,,0," (1954-01-22) 22 January 1954 (age 67)Sonepur, Odisha, India",, painter,https://en.wikipedia.org/wiki/Kailash_Chandra_Meher,,Degree (Art),,Laxmi Meher,,,,,,,Artist,,,,,,,"Prakash Meher, Manisha Meher & Jayanta Meher",Sadhu Meher (Uncle)[1],,,Visva-Bharati University,,,,,,,,,Indian,,,,67,Alive,Other/Mixed,Other, painter
49,Kanu Desai,1907,1980,73,,,,https://en.wikipedia.org/wiki/Kanu_Desai,,,,,,,,,,,,,,,,,,,,,,,,,,,,,,,,,,,73,Dead,Other/Mixed,Other,0
50,Karuna Sukka,1980,,0," (1980-11-20) November 20, 1980 (age 40)",, printmaker,https://en.wikipedia.org/wiki/Karuna_Sukka,Indian,"
2005-2007-  M.A (Fine) Museology, The M S University of Baroda, Vadodara.
2003-2005-  M.F.A Printmaking, University of Hyderabad, Hyderabad.
1999-2003-  B.F.A Painting, P.S.T University, Hyderabad.
",Printmaking and Painting,Sunder Sukka,,,,,,,,,,,,,,,,,,,,,,,,,,,,,,,41,Alive,India,Other,Printmaking and Painting
51,Kurchi Dasgupta,1974,,0,"Kurchi Dasgupta1974Kolkata, West Bengal, India",,,https://en.wikipedia.org/wiki/Kurchi_Dasgupta,Indian,,"Visual Art, Art Criticism, Translation, Acting",,,"University Gold Medal, Jadavpur University (1998)","Oil Painting, Conceptual Art, Performance, Miniature",,,,,,,,,,,,,,,,,,,,,,,,,,,,47,Alive,India,Other,"Visual Art, Art Criticism, Translation, Acting"
52,M R D Dattan,1935,2006,71,,,,https://en.wikipedia.org/wiki/M_R_D_Dattan,,,,,,,,,,,,,,,,,,,,,,,,,,,,,,,,,,,71,Dead,Other/Mixed,Other,0
53,M.F. Husain,1915,2011,96,"Maqbool Fida Husain(1915-09-17)17 September 1915Pandharpur, Bombay Presidency, British India","9 June 2011(2011-06-09) (aged 95)London, England, UK",,https://en.wikipedia.org/wiki/M.F._Husain,Indian (1915—2010)[1] Qatari (2010—2011)[1],Sir J. J. School of Art,Painting,,Meenaxi: A Tale of Three CitiesThrough the Eyes of a Painter,Padma Bhushan (1973)Padma Vibhushan (1991),Bombay Progressive Artists' Group,,,,,,,,,,,,,,,,,,,,,,,,,,,,96,Dead,Other/Mixed,Padma Recipient,Painting
54,Madhan (writer),1947,,0," (1947-07-11) 11 July 1947 (age 74)Srirangam, Tamil Nadu",,,https://en.wikipedia.org/wiki/Madhan_(writer),India,,,,,,,,,,"Cartoonist, writer",,,,,,,,,,,,,,,,,,,,,,,,74,Alive,Other/Mixed,Other,"Cartoonist, writer"
55,Madhuri Bhaduri,1958,,0,,,,https://en.wikipedia.org/wiki/Madhuri_Bhaduri,,,,,,,,,,,,,,,,,,,,,,,,,,,,,,,,,,,63,Alive,Other/Mixed,Other,0
56,Manav Gupta,1967,,0," (1967-12-29) 29 December 1967 (age 53)Kolkata, India",,,https://en.wikipedia.org/wiki/Manav_Gupta,Indian,Academy of Fine Arts,"Conceptual art, installation art, Painting,[1] Murals,[2]   Performance[3] Short Films,[4]  Sculptures, Poetry",,"
Five floor(10,000 sqft)Tree of Life mural,[5] at Airtel campus[6] (2010)
Indo Bhutan Friendship Mural(2011)
One-minute Films as public service messages for Ministry of Environment, Govt. of India (2006)[7]
",First Painter to get the Sanatan Sangeet Sanskriti by French Ambassador (2006),"Performance Art Jugalbandi,[8]Collaborative Public Art",,,,,,,,,,,,,,,,,,,,,,,,,,,,54,Alive,India,Other,"Conceptual art, installation art, Painting,[1] Murals,[2]   Performance[3] Short Films,[4]  Sculptures, Poetry"
57,Manjit Bawa,1941,2008,67,"1941 (1941)Dhuri, Punjab, India",29 December 2008(2008-12-29) (aged 66–67)Delhi,,https://en.wikipedia.org/wiki/Manjit_Bawa,,,painting,,,,,,,,,,,,,,,,,,,,,,,,,,,,,,,,67,Dead,Other/Mixed,Other,painting
58,Maya Burman,1971,,0,"1971Lot-et-Garonne, France",,,https://en.wikipedia.org/wiki/Maya_Burman,French,,,,,,Burman family,,,,,,,,,,,,,,,,,,,,,,,,,,,,50,Alive,Other/Mixed,Other,0
59,Mohammed Yusuf Khatri,1967,,0," (1967-01-01) 1 January 1967 (age 54)Bagh, Madhya Pradesh, India",, Bagh printer,https://en.wikipedia.org/wiki/Mohammed_Yusuf_Khatri,Indian,,"Bagh Print, hand block print, natural printing and dyeing[1][2]",Hasina Khatri,hand block printing on bamboo mat & leather,"National award handicrafts & handlooms 2003[3] International UNESCO Award of Excellence 2014,[4][5]",,,,,,,,,,,,Mohammed BilalMohammed KazeemRukhsarAbdul Karim,,,,,,,,,,,,,,,,,54,Alive,India,Other,"Bagh Print, hand block print, natural printing and dyeing[1][2]"
60,Mohan Samant,1924,2004,80,,,,https://en.wikipedia.org/wiki/Mohan_Samant,,,,,,,,,,,,,,,,,,,,,,,,,,,,,,,,,,,80,Dead,Other/Mixed,Other,0
61,Neeraj Gupta,1969,,0,1969Delhi,, sculpture artist,https://en.wikipedia.org/wiki/Neeraj_Gupta,India,,Sculpture Art,,,,,,,,Sculpture Artist,,,,,,,,,,,"School of Planning and Architecture, Delhi",,,,,,,,,,Delhi Art Society,,,52,Alive,Other/Mixed,Other,Sculpture Art
62,Nek Chand,1924,2015,91,"(1924-12-15)15 December 1924Barian Kalan, Shakargarh (pre-partition Gurdaspur district), British Indian Empire (now in Pakistan)","12 June 2015(2015-06-12) (aged 90)Chandigarh, India",,https://en.wikipedia.org/wiki/Nek_Chand,Indian,,"Architecture, sculpture",,The Rock Garden of Chandigarh,Padma Shri (1984),Outsider Art,,,,,,,,,,,,,,,,,,,,,,,,,,,,91,Dead,India,Padma Recipient,"Architecture, sculpture"
63,Norman Douglas Hutchinson,1932,2010,78,,,,https://en.wikipedia.org/wiki/Norman_Douglas_Hutchinson,,,,,,,,,,,,,,,,,,,,,,,,,,,,,,,,,,,78,Dead,Other/Mixed,Other,0
64,Ananta Mandal,1983,,0, (1983-02-05) 5 February 1983 (age 38)Kolkata,, watercolorist,https://en.wikipedia.org/wiki/Ananta_Mandal,Indian,"Government College of Art & Craft, Kolkata","Painting, Drawing, Visual Arts",,,The Winsor & Newton Excellence Award,"Impressionism, Expressionism",,,,,,,,,,,,,,,,anantamandal.com,,,,,1983–present,,,,,,,38,Alive,India,Other,"Painting, Drawing, Visual Arts"
65,Paris Mohan Kumar,,,0,,,,https://en.wikipedia.org/wiki/Paris_Mohan_Kumar,,,,,,,,,,,,,,,,,,,,,,,,,,,,,,,,,,,,Alive,Other/Mixed,Other,0
66,Paresh Maity,1965,,0,"1965 (age 55–56)Tamluk, Purba Medinipur, West Bengal, India",, painter and sculptor,https://en.wikipedia.org/wiki/Paresh_Maity,,,Painter Sculptor Photographer and Filmmaker,,,Padma Shri (2014),,,,,,,,,,,,,,,,,pareshmaity.in,,,,,,,,,,,,56,Alive,Other/Mixed,Padma Recipient,Painter Sculptor Photographer and Filmmaker
67,Piraji Sagara,1931,2014,83,,,,https://en.wikipedia.org/wiki/Piraji_Sagara,,,,,,,,,,,,,,,,,,,,,,,,,,,,,,,,,,,83,Dead,Other/Mixed,Other,0
68,Prafulla Dahanukar,1934,2014,80,"Prafulla Subrai Joshi(1934-01-01)1 January 1934Goa, Portuguese India","1 March 2014(2014-03-01) (aged 80)Mumbai, India", painter,https://en.wikipedia.org/wiki/Prafulla_Dahanukar,Indian,Sir J. J. School of Art,"Visual arts, Painting, drawing",Dilip Dahanukar,,"Sir J. J. School of Arts Gold Medalist 1955 , The Bombay Art Society Silver Medal in 1955",Progressive Arts Movement,,,,,,,,,,,2,,,,,,,,,,,,,,,,,80,Dead,India,Other,"Visual arts, Painting, drawing"
69,Pranava Prakash,1979,,0," (1979-02-10) 10 February 1979 (age 42)Patna, Bihar, India",,,https://en.wikipedia.org/wiki/Pranava_Prakash,Indian,"NMCH,Patna, Institute of Management Technology, Ghaziabad","pop art, installation art, painting",,"The Goddess of Fifteen Minutes of Fame, Your Turn, Chal Hat Be Bihari","Obra De Art Annual Medal,2009",Socio Pop Art,,,,,,,,,,,,,,,,,,,,,,,,,,,,42,Alive,India,Other,"pop art, installation art, painting"
70,Rabin Mondal,1929,2019,90,"Rabindra Nath Mondal1929Howrah, India","2 July 2019 (aged 90)Bidhannagar, West Bengal, India",,https://en.wikipedia.org/wiki/Rabin_Mondal,,,,,,,,,,,,,,,,,,,,,,,,,,,,,,,,,,,90,Dead,Other/Mixed,Other,0
71,Ram Chandra Shukla,1925,2016,91,"1925 (1925)Basti, United Provinces, British India","3 September 2016(2016-09-03) (aged 90–91)Allahabad, Uttar Pradesh, India",,https://en.wikipedia.org/wiki/Ram_Chandra_Shukla,Indian,,Painting,,,,,,,,,,,,,,,,,,,Allahabad University,ramchandrashukl.googlepages.com/home,,,,,,,,,,,,91,Dead,India,Other,Painting
72,Ramkinkar Baij,1906,1980,74,"(1906-05-25)25 May 1906Jugipara, Bankura Town, Bankura District, Bengal, British India (present-day West Bengal, India)[1]","2 August 1980(1980-08-02) (aged 74)IPGMER and SSKM Hospital, West Bengal, India", painter and sculptor,https://en.wikipedia.org/wiki/Ramkinkar_Baij,Indian,,"Sculptor, painter",,"Lady with Dog, Sujata, Santhaal Family, Mill Call, Yaksha-Yakshi (Jokkho-Jokkhi)",Padma Bhushan (1970),Contextual Modernism,,,,,,,,,,,,,,,,,,,,,,,,,,Ramananda Chatterjee,,74,Dead,India,Padma Recipient,"Sculptor, painter"
73,Ratnadeep Adivrekar,1974,,0, (1974-11-13) 13 November 1974 (age 46)[1]Mumbai[1],,,https://en.wikipedia.org/wiki/Ratnadeep_Adivrekar,Indian[1],Sir J. J. School of Art[1],Painting,,,,,,,,,,,,,,,,,,,,,,,,,,,,,,,,47,Alive,Other/Mixed,Other,Painting
74,Ravi Mandlik,1960,,0, (1960-10-20) 20 October 1960 (age 60)Achalpur Maharashtra,, painter,https://en.wikipedia.org/wiki/Ravi_Mandlik,Indian,Sir J. J. School of Art,Abstract painting,,,,Abstract Expressionism,,,,,,,,,,,,,,,,,,,,,,,,,,,,61,Alive,India,Other,Abstract painting
75,Reena Saini Kallat,1973,,0,"1973New Delhi, India",,,https://en.wikipedia.org/wiki/Reena_Saini_Kallat,Indian,,"Visual arts, installation art, Contemporary Art",Jitish Kallat,,,,,,,,,,,,,,,,,,Sir Jamsetjee Jeejebhoy School of Art,www.reenakallat.com,,,,,,,,,,,,48,Alive,India,Other,"Visual arts, installation art, Contemporary Art"
76,Rupesh Patric,1979,,0,Rupesh Xavier Patric19 July 1979Kochi,, charcoal sketches,https://en.wikipedia.org/wiki/Rupesh_Patric,Indian,Self taught,"Charcoal Art, Fine Art, Contemporary Art",,,,"Photorealism, Surrealism, Expressionism, Minimalism",,,,,,,,,,,,,,,,,,,,,,,,,,,,42,Alive,India,Other,"Charcoal Art, Fine Art, Contemporary Art"
77,S. Jithesh,1974,,0," (1974-12-30) 30 December 1974 (age 46)Pandalam Thekkekkara, Pathanamthitta district",,,https://en.wikipedia.org/wiki/S._Jithesh, India,"M.A in English Literature , LL.B",,,,,,,,Super-Speedy Cartoonist,"Performing cartoonist, poet",,,,,,Unnymaya,2,,,,,,,,,,,,,Indian,,,"Varayarangu, cartoons",47,Alive,Other/Mixed,Other,"Performing cartoonist, poet"
78,S. Rajam,1919,2010,91,,,,https://en.wikipedia.org/wiki/S._Rajam,,,,,,,,,,,,,,,,,,,,,,,,,,,,,,,,,,,91,Dead,Other/Mixed,Other,0
79,S.H. Raza,1922,2016,94,"(1922-02-22)22 February 1922Village kakkaiya (Mandla), Central Provinces, British India(now in Madhya Pradesh, India)","23 July 2016(2016-07-23) (aged 94)New Delhi, India",,https://en.wikipedia.org/wiki/S.H._Raza,Indian,"Chitrakala Mahavidyalaya, Nagpur, 
Sir J. J. School of Art, Mumbai",Painter,,,"Padma Vibhushan (2013)  Padma Bhushan (2007) Fellow, Lalit Kala Academy (1981)Padma Shri (1981)Commandeur de la Legion d'honneur (2015)",,,,,,,,,,,,,,,,,therazafoundation.org,,,,,,,,,,,,94,Dead,India,Padma Recipient,Painter
80,Samir Mondal,1952,,0," (1952-03-13) 13 March 1952 (age 69)[1]North 24 Parganas district, West Bengal",, water colourist,https://en.wikipedia.org/wiki/Samir_Mondal, Indian,"Government College of Art & Craft, Kolkata",watercolour painting,,,,,,,,,,,,,,,,,,,,www.samirmondal.com,,,,,,,,,,,,69,Alive,Other/Mixed,Other,watercolour painting
81,Satish Gujral,1925,2020,95,"Satish Gujral(1925-12-25)25 December 1925Jhelum, Punjab, British India","26 March 2020(2020-03-26) (aged 94)New Delhi, India",,https://en.wikipedia.org/wiki/Satish_Gujral,Indian,Mumbai,"Painting, Sculpting, Mural & Writing",Kiran,,Padma Vibhushan 1999,,,,,,,,,,,,,,,,,,,,,,,,,,,,,95,Dead,India,Padma Recipient,"Painting, Sculpting, Mural & Writing"
82,Sekar Ayyanthole,1954,,0,"1954 (1954)Ayyanthole (Thrissur), Kerala, India",,,https://en.wikipedia.org/wiki/Sekar_Ayyanthole,,,,,,,,,,,Painter,,,,,,,,,,,,www.ayyanthole.com,,,,,,,,,,,,67,Alive,Other/Mixed,Other,Painter
83,Shashikant Dhotre,1982,,0,"1 April 1982Shirapur, Mohol/Solapur, Maharashtra",," drawing, painter, installations",https://en.wikipedia.org/wiki/Shashikant_Dhotre,Indian,,Painter,,,Kohinoor of Maharashtra] (2015)[1] Maharashtrian of the Year (2016)[2],,,,,,,,,,,,,,,,,www.shashikantdhotre.com,,,,,,,,,,,,39,Alive,India,Other,Painter
84,Shilpa Gupta,1976,,0,"1976 (1976)Mumbai, India",,,https://en.wikipedia.org/wiki/Shilpa_Gupta,Indian,Sir Jamsetjee Jeejebhoy School of Art,Sculpture,,,,,,,,,,,,,,,,,,,,,,,,,,,,,,,,45,Alive,India,Other,Sculpture
85,Siddharth Katragadda,1972,,0,"Bangalore, India",,,https://en.wikipedia.org/wiki/Siddharth_Katragadda,US (India),,,,,,,,,Sid,"
Writer
poet
playwright
filmmaker
artist
software engineer
",,2002–present,,"Dark Rooms, The Other Wife, Varanasi (film), B.L.I.N.D (film), Painless (screenplay)","Quarterfinalist (Page Screenwriting Contest - 2016, Screencraft Drama Contest -2017, WeScreenplay Feature Contest-2017, Runner-up San Diego Book Awards(Poetry) 2002 & 2003, Best Foreign Film for Varanasi- Atlantic City Film Festival",,,,,,"University of Texas, Arlington, The Frank Anthony Public School, Bengaluru, St. Joseph's College, Bangalore",,,,,,,,,,,,,49,Alive,Other/Mixed,Other,"
Writer
poet
playwright
filmmaker
artist
software engineer
"
86,Surekha (artist),,,0,,,,https://en.wikipedia.org/wiki/Surekha_(artist),Indian,,Video and photo works,,,,,,,,,,,,,,,,,,,"Visva Bharati University, Ken School of Arts, Bangalore University",http://surekhainfo.com/,,,,,,,,,,,,,Alive,India,Other,Video and photo works
87,Somalal Shah,1905,1994,89,,,,https://en.wikipedia.org/wiki/Somalal_Shah,,,,,,,,,,,,,,,,,,,,,,,,,,,,,,,,,,,89,Dead,Other/Mixed,Other,
88,Srimati Lal,1959,2019,60,Srimati Lal1959,2019, artist and poet,https://en.wikipedia.org/wiki/Srimati_Lal,,,"Painting, Poetry",Jit Kumar ​(m. 2008)​,"""The Window"", ""Flowers for my Father""",,Naïve art,,,,,,,,,,,,Ananda Lal (brother) Kalidas Nag (maternal grandfather),,,,srimatilal.com,Purushottama Lal Shyamasree Devi,,,Francis Newton Souza (1993-2002),,,,,,,,60,Dead,Other/Mixed,Other,
89,Y.G. Srimati,1926,2007,81,,, painter,https://en.wikipedia.org/wiki/Y.G._Srimati,,,,,,,,,,,,,,,,,,,,,,,,,,,,,,,,,,,81,Dead,Other/Mixed,Other,
90,Suvigya Sharma,1983,,0," (1983-07-28) 28 July 1983 (age 38)Jaipur, Rajasthan, India",,,https://en.wikipedia.org/wiki/Suvigya_Sharma,Indian,"Maharaja Sawai Mansingh SchoolBharatiya Vidya Bhavan's Vidyashram, JaipurBhawanipur Education Society CollegeSymbiosis International University","Painting, Drawing, Fashion Designing",Charu Sharma[2],4D Siddhivinayak Painting3D Pichwai painting of ShrinathjiRestoration of SAM[1],,,,,,,,,,,,,Abhigya,,,,,www.suvigyasharma.com,,,,,,,,,,,,38,Alive,India,Other,
91,Thukral & Tagra,1976,1979,3,"1976, 1979Jalandhar, New Delhi",,,https://en.wikipedia.org/wiki/Thukral_%26_Tagra,Indian,,,,,,,,,,,,,,,,,,,,,,www.thukralandtagra.com,,,,,,,,,,,,3,Dead,India,Other,
92,Vasudeo S. Gaitonde,1924,2001,77,1924Maharashtra,10 August 2001 (aged 77), painter,https://en.wikipedia.org/wiki/Vasudeo_S._Gaitonde,Indian,Sir J. J. School of Art,Abstract painting,,,Rockefeller Fellowship 1964 Padma Shri 1971,Abstract Expressionism,,,,,,,,,,,,,,,,,,,,,,,,,,,,77,Dead,India,Padma Recipient,
93,Vivan Sundaram,1943,,0,,, installation artist,https://en.wikipedia.org/wiki/Vivan_Sundaram,,,,,,,,,,,,,,,,,,,,,,,,,,,,,,,,,,,78,Alive,Other/Mixed,Other,
94,Yantr,,,0,Real name: unknownDate of birth: unknown,,,https://en.wikipedia.org/wiki/Yantr,,,GraffitiStreet artSocial commentary,,,,,,,,,,,,,,,,,,,,,,,,,,,,,,,,,Alive,Other/Mixed,Other,
95,Sudarsan Pattnaik,1977,,0," (1977-04-15) 15 April 1977 (age 44)Puri, Odisha, India",,Sand Artist,https://en.wikipedia.org/wiki/Sudarsan_Pattnaik,Indian,,,,,Padma Shri (2014)[1],,,,,Sand artist,,,,,,,,,,,,,,,,,,,,,,,,44,Alive,India,Padma Recipient,
96,Saba Hasan,1962,,0,"1962New Delhi, India",,contemporary artist,https://en.wikipedia.org/wiki/Saba_Hasan,,,,,,,,,,,Artist,,,,,,,,,,,,http://www.sabahasan.com/,,,,,Since 1996,,,,,,,59,Alive,Other/Mixed,Other,
